"DESCRIPTION","DURATION IN MS","NAME","PARENT SUITE","START TIME","STATUS","STOP TIME","SUB SUITE","SUITE","TEST CLASS","TEST METHOD"
"","779","Login with valid credentials","firefox","2026-10-01","passed","2026-10-01","","ui/login.spec.ts","",""
"","732","Login with invalid credentials","firefox","2026-10-01","passed","2026-10-01","","ui/login.spec.ts","",""
"","15","API Test","webkit","2026-10-01","failed","2026-10-01","","api/apiTest.spec.ts","",""
"","1124","Login with valid credentials","webkit","2026-10-01","passed","2026-10-01","","ui/login.spec.ts","",""
"","15","API Test","firefox","2026-10-01","failed","2026-10-01","","api/apiTest.spec.ts","",""
"","1805","Add product to cart","firefox","2026-10-01","passed","2026-10-01","","ui/cart.spec.ts","",""
"","456","Login with invalid credentials","chromium","2026-10-01","passed","2026-10-01","","ui/login.spec.ts","",""
"","752","Add product to cart","chromium","2026-10-01","passed","2026-10-01","","ui/cart.spec.ts","",""
"","894","Login with invalid credentials","webkit","2026-10-01","passed","2026-10-01","","ui/login.spec.ts","",""
"","2294","Add product to cart","webkit","2026-10-01","passed","2026-10-01","","ui/cart.spec.ts","",""
"","589","Login with valid credentials","chromium","2026-10-01","passed","2026-10-01","","ui/login.spec.ts","",""
"","16","API Test","chromium","2026-10-01","failed","2026-10-01","","api/apiTest.spec.ts","",""
